"0","# create new variable in data with Mahalanobis distance"
"0","data$m_dist <- mahalanobis(data[,c(""Adverts"",""Airplay"",""Image"")],colMeans(data[,c(""Adverts"",""Airplay"",""Image"")]), cov(data[,c(""Adverts"",""Airplay"",""Image"")]))"
"0",""
"0","# Create a new variable that rounds to 1 decimal point"
"0","data$MD <- round(data$m_dist,1)"
"0",""
"0","# Create a new variable that compares our distances to a cutoff point and labels outliers"
"0","data$outlier <- ""no"""
"0","data$outlier[data$MD > 17] <- ""yes"""
"0",""
