{"chunk_definitions":[{"chunk_id":"cnvxbl3ozkpqj","chunk_label":"unnamed-chunk-1","document_id":"96BFA29E","expansion_state":0,"options":{"engine":"r","label":"unnamed-chunk-1"},"row":46,"row_count":1,"visible":true},{"chunk_id":"cl998nwgyx5rk","chunk_label":"unnamed-chunk-2","document_id":"96BFA29E","expansion_state":0,"options":{"engine":"r","label":"unnamed-chunk-13"},"row":134,"row_count":1,"visible":true},{"chunk_id":"c42lkwcovtjs0","chunk_label":"unnamed-chunk-3","document_id":"96BFA29E","expansion_state":0,"options":{"engine":"r","label":"unnamed-chunk-16"},"row":152,"row_count":1,"visible":true}],"chunk_rendered_width":700,"doc_write_time":1585432507}